test,statistic,p_value,df,effect,effect_value
chi_square_2x3,282.4872691012639,4.556893835518698e-62,2.0,cramers_v,0.3068589627724024
fisher_accept_vs_nonaccept,159.29742388758783,5.5046989873360584e-83,,odds_ratio,159.29742388758783
