streak_bucket,rate
s=1,0.492
s=2,0.22366666666666668
s=3,0.12566666666666668
s=4,0.07066666666666667
5+,0.088
