streak_bin,label,delta_mean_abs,ci_low,ci_high,n
1,1,-0.006113524091761995,-0.008137116961788515,-0.004151879348476184,100
2,2,0.011157805663472884,0.009161260154663285,0.01306618194155615,100
3,3,0.008050262554858419,0.005524348839923228,0.010721598341775742,100
4,4,0.004787958076146276,0.0026477788560318825,0.007420428182387721,94
5,5+,0.0031776595355864335,-0.0005902559692575645,0.006854270514000977,68
