test,statistic,p_value,df,effect,effect_value
chi_square_2x3,179.4252437067265,1.0922030173908355e-39,2.0,cramers_v,0.24455758947313172
fisher_accept_vs_nonaccept,27.409553831231815,7.0356618287826045e-43,,odds_ratio,27.409553831231815
