condition,n,align_rate,modify_rate,accept_ai_rate,reject_ai_rate
1,1500,0.046,0.22333333333333333,0.474,0.346
2,1500,0.04133333333333333,0.19066666666666668,0.29533333333333334,0.5526666666666666
