outcome,test,n_positive,n_negative,estimate_positive_minus_negative,statistic,p_value
delta_ai,trial_level_welch_positive_vs_negative_modify,203,418,0.07765102411200414,4.138517818674908,4.3320780289634926e-05
delta_ai,participant_paired_positive_vs_negative_modify,73,73,0.09400776423391886,3.217978776650825,0.0019362641064648164
delta_ai,clustered_ols_positive_feedback_controlling_condition_trial,203,418,0.07726424216672827,4.0484117615527575,5.15663679051337e-05
delta_self,trial_level_welch_positive_vs_negative_modify,203,418,0.13925978739953332,7.921389218963718,2.2380505425706092e-14
delta_self,participant_paired_positive_vs_negative_modify,73,73,0.2004981974109694,6.922356088944808,1.536509309380644e-09
delta_self,clustered_ols_positive_feedback_controlling_condition_trial,203,418,0.13987485732891922,6.302000971623308,2.938273254260388e-10
delta_gap_self_minus_ai,trial_level_welch_positive_vs_negative_modify,203,418,0.061608763287529164,2.7957116130754405,0.005434399966263104
delta_gap_self_minus_ai,participant_paired_positive_vs_negative_modify,73,73,0.10649043317705051,2.6899952780931065,0.008875112741148113
delta_gap_self_minus_ai,clustered_ols_positive_feedback_controlling_condition_trial,203,418,0.06261061516219088,2.6317784346777024,0.008493923580465315
