dimension,label,n,share_of_modify,positive_feedback_rate,mean_delta_ai,mean_delta_self,mean_team_score,mean_individual_score
outcome,productive_modify,203,0.32689210950080516,1.0,0.038177339901477834,0.08004926108374384,-27.536945812807883,-43.30049261083744
outcome,unproductive_modify,418,0.6731078904991948,0.0,-0.039473684210526314,-0.05921052631578947,-32.48803827751196,-44.11483253588517
agency,agency_unclear,492,0.7922705314009661,0.2540650406504065,-0.059959349593495935,-0.08180894308943089,-30.95528455284553,-43.67886178861789
agency,partial_acceptance,80,0.1288244766505636,0.575,0.321875,0.16875,-31.75,-45.625
agency,self_correction,49,0.07890499194847021,0.6530612244897959,-0.10204081632653061,0.37244897959183676,-28.571428571428573,-42.6530612244898
coupling,collaborative_refinement,29,0.04669887278582931,1.0,0.3448275862068966,0.29310344827586204,-30.0,-45.172413793103445
coupling,conflict_modify,30,0.04830917874396135,0.3,0.03333333333333333,-0.025,-23.333333333333332,-43.0
coupling,coupling_unclear,562,0.9049919484702094,0.29359430604982206,-0.035142348754448396,-0.02891459074733096,-31.316725978647685,-43.82562277580071
