score_basis,median_cut,performer_group,n,mean_score,accept_rate,modify_rate,positive_modify_rate,productive_modify_ratio,collaborative_modify_rate,collaborative_modify_ratio,conflict_modify_rate,self_correction_modify_rate,partial_acceptance_modify_rate,positive_feedback_rate
team_score,-30.0,high,53,-11.88679245283019,0.439622641509434,0.21698113207547168,0.0779874213836478,0.3531260197439128,0.011320754716981133,0.06489428445950186,0.010691823899371069,0.01761006289308176,0.027672955974842775,0.42327044025157234
team_score,-30.0,low,47,-52.97872340425532,0.32269503546099293,0.19574468085106378,0.05602836879432625,0.2824938271604938,0.007801418439716311,0.02630952380952381,0.00921985815602837,0.014893617021276595,0.025531914893617023,0.30709219858156034
individual_score,-50.0,high,64,-34.6875,0.346875,0.24010416666666665,0.07604166666666666,0.3159354538124919,0.009895833333333333,0.042312475982652614,0.011979166666666666,0.018750000000000003,0.0296875,0.37239583333333337
individual_score,-50.0,low,36,-67.77777777777777,0.45185185185185184,0.14814814814814814,0.052777777777777785,0.32893655166382435,0.009259259259259259,0.05607372425554243,0.006481481481481481,0.012037037037037037,0.0212962962962963,0.36203703703703705
