action,n,positive_percent,negative_percent
accept_ai,1154,50.08665511265165,49.91334488734835
reject_ai,1225,26.53061224489796,73.46938775510203
modify,621,32.689210950080515,67.31078904991948
