model,mse,r2,adj_r2,global_r2,global_adj_r2,cost,nfev,success,alpha_e,alpha_a,alpha_b,omega1,omega2,omega3,omega4,gamma
aiconf,0.001663791886363793,0.7639513927912442,0.7459911726775346,0.8447789418072477,0.82043054052211,70.35815067000348,7,True,0.3291657078630223,0.5043481689351906,0.043296919415262244,0.8701832298974778,0.25160538450445413,0.11689113775836106,0.29228603642528533,0.29904604292034165
selfconf,0.0007559633913831375,0.7678175784170378,0.7501515246009429,0.7727617135562356,0.7371164921532921,74.66896059445777,6,True,0.2861384468324702,0.38143221184472104,0.1178321562012466,0.6229787064568376,0.8333204155516388,0.1953893600996543,0.18817478316164657,0.2787863938352072
