condition,n,align_rate,modify_rate,accept_ai_rate,reject_ai_rate
1,240,0.058333333333333334,0.2916666666666667,0.49166666666666664,0.2625
2,346,0.03757225433526012,0.21098265895953758,0.33236994219653176,0.49421965317919075
